{
  "0.05": 0.831250011920929,
  "0.1": 0.8500000238418579,
  "0.15": 0.8687499761581421,
  "0.2": 0.893750011920929
}