{
  "0.05": 0.07500000298023224,
  "0.1": 0.22499999403953552,
  "0.15": 0.39375001192092896,
  "0.2": 0.518750011920929
}