{
  "heatmap": {
    "train_loss": [
      0.018598078208044173,
      0.0026861389670521023,
      0.0018861400848254562,
      0.0014072605036199093,
      0.0011291959453374148,
      0.0008899984187446535,
      0.0007397415870800615,
      0.0006651858980767429,
      0.0006249412735924125,
      0.0005935252341441811,
      0.0005712803895585239,
      0.0005561731879133731,
      0.0005422825068235398,
      0.0005296919103711844,
      0.0005170556292869151,
      0.000508327438030392,
      0.0005029643983580172,
      0.0004983968012966215,
      0.0004964233373757451,
      0.00048336262069642545,
      0.0004813064259942621,
      0.00047701406315900385,
      0.00046824536891654136,
      0.0004645195538178086,
      0.00045676560420542954,
      0.0004595605165231973,
      0.00044162737391889096,
      0.00043977231439203026,
      0.00042106774519197644,
      0.0004193355934694409
    ],
    "val_loss": [
      0.004789292514324188,
      0.0022367419581860305,
      0.0017111715255305172,
      0.0013381865061819554,
      0.0010148989222943782,
      0.0008671588008292019,
      0.0007122470601461828,
      0.0006928289006464184,
      0.0006172887468710542,
      0.0005943040759302675,
      0.0006048729526810348,
      0.0006100065330974757,
      0.0005618750769644976,
      0.0005431586829945445,
      0.0005472980136983096,
      0.0005354191758669913,
      0.000539295116905123,
      0.0005543489055708051,
      0.0005266311881132424,
      0.0005242322944104672,
      0.0005308864894323051,
      0.0005306098610162735,
      0.0005378202628344297,
      0.000548932843375951,
      0.0005628425045870244,
      0.0005948049179278314,
      0.0005855224165134132,
      0.0006153657310642302,
      0.0006365415779873728,
      0.0005981791764497757
    ]
  },
  "regression": {
    "train_loss": [
      0.02183696900308132,
      0.016957027763128282,
      0.01573862036317587,
      0.014311787746846676,
      0.012973453033715486,
      0.011304233700037003,
      0.010540105335414409,
      0.010312774658203124,
      0.010133911110460758,
      0.010061208918690681,
      0.009735055439174176,
      0.009684617090970278,
      0.009517627634108067,
      0.009537337467074395,
      0.009550291381776333,
      0.009284523904323577,
      0.009208013199269772,
      0.009059711065143347,
      0.008954048685729504,
      0.00891258217394352,
      0.008991631284356117,
      0.008971924476325511,
      0.008735794536769391,
      0.008761762075126172,
      0.008612701393663883,
      0.008479105539619922,
      0.008442468024790288,
      0.00850334505736828,
      0.008251461192965508,
      0.008276489913463593
    ],
    "val_loss": [
      0.020290065333247186,
      0.014291830137372017,
      0.014660132676362991,
      0.01267034851014614,
      0.013182674758136273,
      0.010034745596349239,
      0.00890512317419052,
      0.008626246154308318,
      0.008681911379098892,
      0.008469668067991733,
      0.009053040258586408,
      0.008899416178464889,
      0.008481430895626545,
      0.00879501722753048,
      0.014012380503118038,
      0.008507563527673482,
      0.01004847850650549,
      0.008332419544458389,
      0.008573651164770126,
      0.008485145941376686,
      0.008208034001290799,
      0.008304862566292285,
      0.008115292526781559,
      0.007996424958109856,
      0.008774861432611943,
      0.008539007008075715,
      0.008676614686846733,
      0.009851238280534745,
      0.0106797756254673,
      0.008216371275484562
    ]
  }
}